City_ID,City,Lat,Lng,Max Temp,Humidity,Cloudiness,Wind Speed,Country,Date
0,waitangi,-43.9535,-176.5597,13.05,85,3,9.62,NZ,2023-11-13 23:03:57
1,grytviken,-54.2811,-36.5092,2.53,98,100,3.27,GS,2023-11-13 23:04:12
2,talayuela,39.987,-5.6098,14.44,89,63,1.08,ES,2023-11-13 23:04:12
3,klyuchi,52.2667,79.1667,4.01,89,100,4.98,RU,2023-11-13 23:04:13
4,olonkinbyen,70.9221,-8.7187,-2.21,69,95,2.89,SJ,2023-11-13 23:04:13
5,edinburgh of the seven seas,-37.0676,-12.3116,13.62,79,7,11.38,SH,2023-11-13 23:04:10
6,xam nua,20.4197,104.0439,15.06,99,100,0.77,LA,2023-11-13 23:04:13
7,iskateley,67.6803,53.1512,-13.32,97,100,3.58,RU,2023-11-13 23:03:32
8,tyukhtet,56.5389,89.3011,-0.13,98,100,4.47,RU,2023-11-13 23:04:14
9,corozal,9.3151,-75.2928,26.09,93,99,2.95,CO,2023-11-13 23:04:14
10,enewetak,11.3474,162.3373,28.4,80,96,8.33,MH,2023-11-13 23:04:14
11,lompoc,34.6391,-120.4579,23.21,64,0,5.14,US,2023-11-13 23:04:14
12,shimoda,34.6667,138.95,13.87,60,89,1.03,JP,2023-11-13 23:04:15
13,albany,42.6001,-73.9662,3.66,70,100,1.49,US,2023-11-13 23:00:45
14,yellowknife,62.456,-114.3525,-7.71,93,100,1.03,CA,2023-11-13 23:01:17
15,port-aux-francais,-49.35,70.2167,7.13,96,100,17.73,TF,2023-11-13 23:02:37
16,chibougamau,49.9168,-74.3659,-4.21,86,100,5.14,CA,2023-11-13 23:04:15
17,papatowai,-46.5619,169.4708,16.4,47,21,4.04,NZ,2023-11-13 23:02:05
18,la passe,45.5549,-0.8967,17.13,95,100,6.33,FR,2023-11-13 23:04:15
19,island harbour,50.724,-1.2758,13.85,86,63,4.02,GB,2023-11-13 23:04:16
20,vorkuta,67.5,64.0,-17.91,96,95,2.23,RU,2023-11-13 23:04:16
21,mossel bay,-34.1831,22.146,14.96,84,45,8.08,ZA,2023-11-13 23:04:16
22,bredasdorp,-34.5322,20.0403,15.15,82,4,6.68,ZA,2023-11-13 23:04:16
23,ushuaia,-54.8,-68.3,4.79,70,40,14.31,AR,2023-11-13 23:03:06
24,the pas,53.8251,-101.2541,2.01,80,75,3.09,CA,2023-11-13 23:03:10
25,topolobampo,25.6,-109.05,29.95,37,0,6.17,MX,2023-11-13 23:04:17
26,bilibino,68.0546,166.4372,-28.45,100,100,2.08,RU,2023-11-13 23:02:31
27,ribeira brava,32.65,-17.0667,22.06,76,52,0.52,PT,2023-11-13 23:04:17
28,tsiombe,-25.3,45.4833,21.58,80,93,1.58,MG,2023-11-13 23:04:17
29,nuuk,64.1835,-51.7216,-5.07,85,87,6.71,GL,2023-11-13 23:04:17
30,dabat,12.9842,37.765,13.75,71,51,2.02,ET,2023-11-13 23:04:18
31,iqaluit,63.7506,-68.5145,-19.06,70,20,3.09,CA,2023-11-13 23:00:33
32,pauini,-7.7136,-66.9764,28.88,64,83,1.59,BR,2023-11-13 23:04:18
33,kone,-21.0595,164.8658,26.86,41,24,2.46,NC,2023-11-13 23:04:18
34,alofi,-19.0595,-169.9187,25.94,89,100,6.69,NU,2023-11-13 23:04:18
35,rio grande,-32.035,-52.0986,20.06,95,100,5.94,BR,2023-11-13 23:04:07
36,ust-nera,64.5667,143.2,-31.39,98,65,2.25,RU,2023-11-13 23:04:18
37,bethel,41.3712,-73.414,6.42,69,94,1.87,US,2023-11-13 23:01:57
38,wailua homesteads,22.0669,-159.378,29.24,75,75,8.23,US,2023-11-13 23:04:19
39,vorgashor,67.5833,63.95,-16.88,93,96,2.99,RU,2023-11-13 23:04:19
40,lamar,33.6668,-95.5836,18.99,41,0,2.57,US,2023-11-13 23:04:19
41,mukalla,14.5425,49.1242,25.5,78,78,2.01,YE,2023-11-13 23:04:19
42,hawaiian paradise park,19.5933,-154.9731,27.73,74,40,4.63,US,2023-11-13 23:04:19
43,sosnovo-ozerskoye,52.5249,111.5418,-16.62,99,89,1.52,RU,2023-11-13 23:04:20
44,adamstown,-25.066,-130.1015,22.86,86,95,8.17,PN,2023-11-13 23:02:00
45,fada,9.5667,8.3,21.93,53,76,1.66,NG,2023-11-13 23:04:20
46,kijang,35.2442,129.2139,1.85,55,1,1.52,KR,2023-11-13 23:00:45
47,quiberon,47.4841,-3.1196,15.04,88,96,6.26,FR,2023-11-13 23:04:21
48,kodiak,57.79,-152.4072,6.73,45,20,8.23,US,2023-11-13 23:04:21
49,puerto natales,-51.7236,-72.4875,3.51,71,53,5.21,CL,2023-11-13 23:04:21
50,margaret river,-33.95,115.0667,15.5,86,99,5.3,AU,2023-11-13 23:04:23
51,manda,-10.4667,34.5833,25.66,72,69,3.15,TZ,2023-11-13 23:04:23
52,happy valley-goose bay,53.3168,-60.3315,-1.83,69,75,4.63,CA,2023-11-13 23:03:10
53,aasiaat,68.7098,-52.8699,-10.29,85,100,2.43,GL,2023-11-13 23:04:23
54,sao gabriel da cachoeira,-0.1303,-67.0892,26.27,83,90,1.29,BR,2023-11-13 23:04:23
55,port lincoln,-34.7333,135.8667,15.35,77,100,5.03,AU,2023-11-13 23:04:24
56,hadibu,12.65,54.0333,26.21,87,98,4.24,YE,2023-11-13 23:04:24
57,kruisfontein,-34.0033,24.7314,13.28,82,81,4.14,ZA,2023-11-13 23:04:24
58,kalmunai,7.4167,81.8167,25.09,89,100,1.81,LK,2023-11-13 23:04:24
59,namtsy,62.7161,129.6658,-27.98,100,90,0.75,RU,2023-11-13 23:04:25
60,argo,37.6333,22.7333,16.42,74,31,1.08,GR,2023-11-13 23:04:25
61,viedma,-40.8135,-62.9967,21.13,18,3,6.42,AR,2023-11-13 23:04:25
62,labytnangi,66.6572,66.4183,-20.85,100,88,0.91,RU,2023-11-13 23:04:25
63,petropavlovsk-kamchatsky,53.0452,158.6483,-3.08,74,0,12.52,RU,2023-11-13 23:02:59
64,jilma,35.2731,9.4239,16.51,54,6,1.03,TN,2023-11-13 23:04:25
65,bardai,11.65,7.2333,22.38,22,72,3.12,NG,2023-11-13 23:04:26
66,punta arenas,-53.15,-70.9167,5.06,60,79,10.29,CL,2023-11-13 23:04:26
67,whitehorse,60.7161,-135.0538,-4.99,86,100,8.23,CA,2023-11-13 23:02:03
68,haiku-pauwela,20.9219,-156.3051,29.01,55,20,8.75,US,2023-11-13 23:04:26
69,nyurba,63.2842,118.3319,-11.92,96,100,2.5,RU,2023-11-13 23:04:26
70,villaviciosa,43.4813,-5.4357,18.79,97,96,0.49,ES,2023-11-13 23:03:45
71,palopo,-2.9996,120.1921,25.48,77,84,1.45,ID,2023-11-13 23:04:27
72,la'ie,21.6477,-157.9253,28.98,73,94,3.13,US,2023-11-13 23:03:59
73,tiksi,71.6872,128.8694,-13.64,90,100,3.51,RU,2023-11-13 23:04:27
74,usogorsk,63.4106,48.6872,-0.74,94,100,3.7,RU,2023-11-13 23:04:27
75,aginskoye,51.1,114.53,-11.12,82,16,3.09,RU,2023-11-13 23:04:27
76,bowen,-20.0167,148.2333,25.41,60,14,4.8,AU,2023-11-13 23:04:28
77,amal,59.051,12.7049,0.92,83,95,6.3,SE,2023-11-13 23:04:28
78,saipan,15.1355,145.701,30.39,70,20,8.23,MP,2023-11-13 23:04:28
79,invercargill,-46.4,168.35,18.9,54,38,4.92,NZ,2023-11-13 23:02:41
80,colonia,50.9333,6.95,12.25,75,0,5.66,DE,2023-11-13 23:04:28
81,longyearbyen,78.2186,15.6401,-10.09,73,75,3.09,SJ,2023-11-13 23:03:18
82,cabo san lucas,22.8909,-109.9124,31.45,61,0,3.09,MX,2023-11-13 23:04:28
83,lucapa,-8.4192,20.7447,18.46,96,23,0.29,AO,2023-11-13 23:04:29
84,paracuru,-3.41,-39.0306,27.84,81,13,5.54,BR,2023-11-13 23:04:29
85,dila,6.4167,38.3167,16.01,94,82,1.63,ET,2023-11-13 23:04:29
86,eyl,7.9803,49.8164,27.14,77,97,6.41,SO,2023-11-13 23:04:29
87,luzilandia,-3.4578,-42.3703,25.85,79,86,3.9,BR,2023-11-13 23:04:29
88,puerto madryn,-42.7692,-65.0385,19.77,22,97,8.58,AR,2023-11-13 23:04:30
89,kayangel,8.0823,134.7173,29.12,76,99,7.89,PW,2023-11-13 23:03:36
90,port elizabeth,-33.918,25.5701,17.16,79,75,5.14,ZA,2023-11-13 23:03:43
91,umred,20.85,79.3333,19.16,58,81,2.76,IN,2023-11-13 23:04:30
92,mata-utu,-13.2816,-176.1745,28.87,75,38,3.95,WF,2023-11-13 23:00:29
93,anjiang,27.3194,110.1031,7.45,91,94,0.17,CN,2023-11-13 23:04:30
94,ust'-kulom,61.6864,53.6902,1.59,98,100,4.13,RU,2023-11-13 23:04:30
95,phatthalung,7.5,100.0833,25.25,89,100,1.54,TH,2023-11-13 23:04:31
96,carnarvon,-24.8667,113.6333,20.9,70,54,3.55,AU,2023-11-13 23:04:31
97,buenavista tomatlan,19.2,-102.6,31.33,53,22,1.45,MX,2023-11-13 23:04:31
98,ribeira grande,38.5167,-28.7,15.43,91,100,1.79,PT,2023-11-13 23:04:10
99,talnakh,69.4865,88.3972,-12.66,94,100,6.01,RU,2023-11-13 23:04:31
100,blackmans bay,-43.0167,147.3167,15.29,51,73,1.79,AU,2023-11-13 23:04:32
101,betio village,1.358,172.9211,28.29,78,99,7.01,KI,2023-11-13 23:04:32
102,port mathurin,-19.6833,63.4167,24.96,78,0,1.19,MU,2023-11-13 23:04:32
103,qingyang,37.4958,121.2581,3.51,45,96,2.89,CN,2023-11-13 23:04:32
104,caconda,-13.7333,15.0667,17.84,72,100,1.95,AO,2023-11-13 23:04:32
105,sittwe,20.15,92.9,24.56,86,100,2.61,MM,2023-11-13 23:04:32
106,vilyuchinsk,52.9306,158.4028,-2.26,79,100,3.48,RU,2023-11-13 23:04:30
107,namibe,-15.1961,12.1522,24.11,61,100,1.14,AO,2023-11-13 23:04:33
108,ilulissat,69.2167,-51.1,-3.99,63,75,8.23,GL,2023-11-13 23:04:33
109,portland,45.5234,-122.6762,14.53,74,75,1.79,US,2023-11-13 22:57:41
110,stephenville,32.2207,-98.2023,16.07,52,100,1.54,US,2023-11-13 23:04:33
111,craig,40.5153,-107.5464,14.79,13,34,6.44,US,2023-11-13 23:02:06
112,holualoa,19.6228,-155.9522,28.08,64,40,4.63,US,2023-11-13 23:04:34
113,vanino,49.0869,140.2543,-8.93,67,52,3.66,RU,2023-11-13 23:04:34
114,stanley,54.868,-1.6985,8.77,87,20,10.29,GB,2023-11-13 23:01:49
115,susuman,62.7833,148.1667,-33.46,99,79,0.27,RU,2023-11-13 23:04:34
116,melekeok village,7.4957,134.6367,28.31,89,100,0.0,PW,2023-11-13 23:04:34
117,burutu,5.3509,5.5076,25.79,87,99,1.81,NG,2023-11-13 23:04:34
118,port alfred,-33.5906,26.891,14.54,93,98,5.29,ZA,2023-11-13 23:04:35
119,pyapon,16.2833,95.6833,24.15,91,96,2.56,MM,2023-11-13 23:04:35
120,utrik,11.2278,169.8474,28.16,82,72,8.11,MH,2023-11-13 23:04:35
121,kodinsk,58.6881,99.1844,0.8,98,100,3.84,RU,2023-11-13 23:04:35
122,severodvinsk,64.5635,39.8302,-3.26,94,100,3.81,RU,2023-11-13 23:04:35
123,nova vicosa,-17.8919,-39.3719,25.07,82,35,7.38,BR,2023-11-13 23:01:35
124,kaa-khem,51.6833,94.7333,-10.33,96,100,0.67,RU,2023-11-13 23:04:36
125,moyynkum,44.2914,72.9469,3.15,67,0,6.96,KZ,2023-11-13 23:04:36
126,la puebla del rio,37.2679,-6.0626,19.57,83,72,2.42,ES,2023-11-13 23:04:36
127,jiwani,25.05,61.7417,25.51,44,63,3.66,PK,2023-11-13 23:04:36
128,constantia,44.1833,28.65,2.38,51,0,4.01,RO,2023-11-13 23:02:19
129,hirara,24.8,125.2833,20.15,68,75,7.2,JP,2023-11-13 23:04:37
130,mohr,54.3528,9.7167,9.08,95,87,8.23,DE,2023-11-13 23:04:37
131,al burayqah,30.4062,19.5739,22.76,62,41,6.96,LY,2023-11-13 23:04:38
132,mount gambier,-37.8333,140.7667,12.28,82,100,0.62,AU,2023-11-13 23:04:38
133,djamaa,33.5339,5.9931,16.65,54,0,0.79,DZ,2023-11-13 23:04:38
134,angra dos reis,-23.0067,-44.3181,26.82,75,60,1.8,BR,2023-11-13 23:01:50
135,tutoia,-2.7619,-42.2744,26.58,82,100,5.85,BR,2023-11-13 23:00:53
136,whakatane,-37.9585,176.9854,21.6,56,100,3.69,NZ,2023-11-13 23:04:38
137,sandnessjoen,66.0217,12.6316,-11.71,70,11,4.58,NO,2023-11-13 23:01:16
138,chaiya,9.3862,99.1986,26.21,86,100,2.09,TH,2023-11-13 23:04:39
139,dudinka,69.4058,86.1778,-12.43,86,74,5.2,RU,2023-11-13 23:04:39
140,hami,42.8,93.45,3.11,28,99,5.8,CN,2023-11-13 23:04:39
141,east ballina,-28.8667,153.5833,23.78,67,40,1.54,AU,2023-11-13 23:04:39
142,antsiranana,-12.2787,49.2917,24.44,83,84,3.58,MG,2023-11-13 23:03:35
143,khovd,48.0056,91.6419,-5.32,86,100,0.76,MN,2023-11-13 23:04:39
144,vadso,70.0744,29.7487,-8.91,86,75,7.2,NO,2023-11-13 23:03:18
145,qaqortoq,60.7167,-46.0333,-6.95,95,100,1.33,GL,2023-11-13 23:04:40
146,tazovsky,67.4667,78.7,-18.83,94,7,3.9,RU,2023-11-13 23:04:07
147,vila velha,-20.3297,-40.2925,27.19,82,0,4.63,BR,2023-11-13 23:01:11
148,i-n-salah,27.1935,2.4607,21.42,26,0,5.25,DZ,2023-11-13 23:04:40
149,solwezi,-12.1688,26.3894,17.59,78,81,2.36,ZM,2023-11-13 23:02:21
150,tanaina,61.6269,-149.4281,-1.55,91,100,2.06,US,2023-11-13 23:04:41
151,lospalos,-8.5186,127.0025,26.63,65,8,0.4,TL,2023-11-13 23:02:44
152,hermanus,-34.4187,19.2345,15.8,79,4,8.94,ZA,2023-11-13 23:03:17
153,isafjordur,66.0755,-23.124,1.57,84,82,3.52,IS,2023-11-13 23:04:41
154,taoudenni,22.6783,-3.9836,26.0,17,4,6.34,ML,2023-11-13 23:04:41
155,robertsport,6.7533,-11.3686,27.5,80,100,1.96,LR,2023-11-13 23:04:41
156,smithers,54.7804,-127.1743,1.18,93,40,1.03,CA,2023-11-13 23:00:50
157,coahuayana de hidalgo,18.7,-103.6583,30.36,65,48,2.23,MX,2023-11-13 23:02:34
158,remire-montjoly,4.9167,-52.2667,27.02,83,0,0.51,GF,2023-11-13 23:04:42
159,uturoa,-16.7333,-151.4333,27.05,81,98,5.52,PF,2023-11-13 23:04:42
160,badger,64.8,-147.5333,-2.79,93,100,2.04,US,2023-11-13 23:04:42
161,hobyo,5.3505,48.5268,26.51,84,80,1.8,SO,2023-11-13 23:02:44
162,avarua,-21.2078,-159.775,24.03,64,75,3.6,CK,2023-11-13 23:04:42
163,luau,-10.7073,22.2247,17.81,93,47,1.45,AO,2023-11-13 23:04:42
164,port blair,11.6667,92.75,28.02,78,100,3.09,IN,2023-11-13 23:04:43
165,santa ana,33.7456,-117.8678,27.58,33,75,4.12,US,2023-11-13 22:57:50
166,harper,4.375,-7.7169,25.95,88,2,3.31,LR,2023-11-13 23:02:05
167,brookings,44.3114,-96.7984,14.0,39,0,6.17,US,2023-11-13 23:02:41
168,yarmouth,41.7057,-70.2286,5.03,81,100,0.89,US,2023-11-13 23:04:44
169,hamilton,39.1834,-84.5333,14.35,40,0,3.09,US,2023-11-13 23:03:28
170,lazaro cardenas,17.9583,-102.2,29.35,74,38,3.45,MX,2023-11-13 23:01:45
171,tommot,58.9564,126.2925,-20.08,100,97,0.95,RU,2023-11-13 23:00:26
172,debre tabor,11.85,38.0167,13.21,77,77,0.71,ET,2023-11-13 23:04:44
173,san juan pueblo,15.5833,-87.2333,27.31,97,92,1.1,HN,2023-11-13 23:04:45
174,georgetown,5.4112,100.3354,25.96,92,20,1.03,MY,2023-11-13 23:04:36
175,abadan,30.3392,48.3043,18.97,59,0,0.0,IR,2023-11-13 23:04:45
176,ataq,14.5377,46.8319,20.66,67,60,1.33,YE,2023-11-13 23:04:45
177,udachny,66.4167,112.4,-6.97,92,100,3.97,RU,2023-11-13 23:04:46
178,east london,-33.0153,27.9116,15.96,75,100,3.24,ZA,2023-11-13 23:04:46
179,maralal,1.0968,36.698,15.01,90,58,1.53,KE,2023-11-13 23:04:46
180,puerto aysen,-45.4,-72.7,3.93,96,100,3.13,CL,2023-11-13 23:04:46
181,kolwezi,-10.7148,25.4667,16.35,94,71,1.38,CD,2023-11-13 23:04:47
182,puerto ayora,-0.7393,-90.3518,28.98,93,70,2.24,EC,2023-11-13 23:04:48
183,goynuk,40.4003,30.7883,9.29,91,100,2.72,TR,2023-11-13 23:04:48
184,vernon,50.2581,-119.2691,10.25,43,92,5.36,CA,2023-11-13 23:01:15
185,palikir - national government center,6.9248,158.1611,30.41,70,100,2.06,FM,2023-11-13 23:04:48
186,gaozhou,21.9392,110.8461,14.87,78,45,2.89,CN,2023-11-13 23:04:48
187,papao,-17.75,-149.55,29.82,88,100,5.55,PF,2023-11-13 23:04:48
188,port saint john's,-31.6229,29.5448,16.83,79,100,3.76,ZA,2023-11-13 23:04:38
189,soio,-6.1349,12.3689,25.97,88,34,1.76,AO,2023-11-13 23:02:27
190,buka,40.8108,69.1986,7.82,39,0,1.5,UZ,2023-11-13 23:04:49
191,danville,36.586,-79.395,14.37,57,28,0.45,US,2023-11-13 23:01:32
192,shuangjiang,26.1547,109.7138,5.29,96,91,1.29,CN,2023-11-13 23:04:49
193,sao jose da coroa grande,-8.8978,-35.1478,25.59,84,49,4.05,BR,2023-11-13 23:04:49
194,porto novo,6.4965,2.6036,25.9,86,2,2.45,BJ,2023-11-13 23:04:50
195,afaahiti,-17.75,-149.2833,28.93,84,100,4.57,PF,2023-11-13 23:04:50
196,molochnoye,59.2917,39.6787,2.96,88,100,0.89,RU,2023-11-13 23:04:50
197,bangar,16.8936,120.4243,26.06,75,99,1.34,PH,2023-11-13 23:04:50
198,padang,-0.9492,100.3543,25.03,92,96,1.9,ID,2023-11-13 23:04:50
199,trelissac,45.1977,0.7862,17.07,94,100,3.33,FR,2023-11-13 23:04:50
200,tura,25.5198,90.2201,18.1,83,5,1.42,IN,2023-11-13 23:02:07
201,arkhangel'sk,64.5401,40.5433,-3.26,91,100,3.32,RU,2023-11-13 23:01:58
202,north battleford,52.7834,-108.2847,7.05,49,0,2.57,CA,2023-11-13 23:01:02
203,tual,-5.6667,132.75,27.63,76,28,3.54,ID,2023-11-13 23:04:51
204,salekhard,66.53,66.6019,-21.69,100,92,0.76,RU,2023-11-13 23:04:51
205,nishinoomote,30.7333,131.0,15.67,51,11,2.11,JP,2023-11-13 23:04:51
206,dadukou,26.5479,101.7054,12.56,90,1,0.46,CN,2023-11-13 23:04:52
207,kapuskasing,49.4169,-82.4331,1.05,93,100,6.69,CA,2023-11-13 23:04:52
208,gafsa,34.425,8.7842,19.12,55,0,2.06,TN,2023-11-13 23:04:52
209,wagar,16.1525,36.2032,27.88,58,3,5.54,SD,2023-11-13 23:04:52
210,souillac,-20.5167,57.5167,22.21,88,40,1.54,MU,2023-11-13 23:04:52
211,fort bragg,35.139,-79.006,12.86,68,0,1.54,US,2023-11-13 23:04:02
212,west island,-12.1568,96.8225,25.99,83,75,4.12,CC,2023-11-13 23:04:53
213,nar'yan-mar,67.6713,53.087,-13.27,97,100,3.58,RU,2023-11-13 23:03:45
214,whangarei,-35.7317,174.3239,21.54,43,98,3.07,NZ,2023-11-13 23:04:53
215,richards bay,-28.783,32.0377,17.74,84,100,4.7,ZA,2023-11-13 23:04:53
216,ilhabela,-23.7781,-45.3581,25.21,89,61,3.13,BR,2023-11-13 23:04:53
217,cockburn town,21.4612,-71.1419,28.0,77,1,8.31,TC,2023-11-13 23:04:01
218,victoria,22.2855,114.1577,19.62,79,80,4.47,HK,2023-11-13 23:00:35
219,humberto de campos,-2.5983,-43.4611,25.8,81,87,3.4,BR,2023-11-13 23:04:54
220,kurmuk,10.55,34.2833,24.8,65,6,1.25,SD,2023-11-13 23:04:54
221,zouerate,22.7187,-12.4521,26.05,16,34,4.1,MR,2023-11-13 23:04:54
222,akrehamn,59.2667,5.1833,6.9,48,89,6.17,NO,2023-11-13 23:04:54
223,selkirk,50.1436,-96.8845,6.04,83,100,0.45,CA,2023-11-13 23:00:12
224,coquimbo,-29.9533,-71.3436,17.85,63,0,6.17,CL,2023-11-13 23:00:48
225,plesetsk,62.708,40.2916,-1.43,97,100,2.55,RU,2023-11-13 23:04:55
226,datca,36.7378,27.6842,18.19,75,34,7.0,TR,2023-11-13 23:04:55
227,galliano,29.4422,-90.2992,18.0,88,100,3.6,US,2023-11-13 23:04:55
228,kindu,-2.95,25.95,21.45,100,100,1.04,CD,2023-11-13 23:04:55
229,college,64.8569,-147.8028,-2.74,92,100,1.95,US,2023-11-13 23:04:54
230,timbuktu,16.7735,-3.0074,27.45,10,0,4.96,ML,2023-11-13 23:04:55
231,lebu,-37.6167,-73.65,11.61,75,29,3.39,CL,2023-11-13 23:04:56
232,alo,7.4178,6.7371,26.23,80,100,1.54,NG,2023-11-13 23:04:56
233,novo aripuana,-5.1206,-60.3797,31.03,49,80,1.17,BR,2023-11-13 23:04:56
234,christchurch,-43.5333,172.6333,25.11,36,26,5.66,NZ,2023-11-13 23:00:43
235,bouarfa,32.53,-1.95,16.97,33,99,0.44,MA,2023-11-13 23:04:56
236,martapura,-3.4167,114.85,24.05,100,86,2.06,ID,2023-11-13 23:04:56
237,saint-pierre,-21.3393,55.4781,23.09,64,82,3.6,RE,2023-11-13 23:04:56
238,thompson,55.7435,-97.8558,-1.91,86,100,2.57,CA,2023-11-13 23:00:30
239,nemuro,43.3236,145.575,4.1,65,56,9.05,JP,2023-11-13 23:04:57
240,newman,37.3138,-121.0208,24.13,45,44,0.45,US,2023-11-13 23:04:57
241,akropong,5.9746,-0.0854,25.53,89,9,1.75,GH,2023-11-13 23:04:57
242,sao joao de pirabas,-0.7747,-47.1772,26.55,79,76,4.36,BR,2023-11-13 23:04:58
243,jwaneng,-24.6004,24.7303,22.45,41,0,4.65,BW,2023-11-13 23:04:58
244,hilton,43.2881,-77.7933,10.67,78,29,6.26,US,2023-11-13 23:04:58
245,codrington,-38.2667,141.9667,14.62,64,100,2.83,AU,2023-11-13 23:04:58
246,praia da vitoria,38.7333,-27.0667,15.98,94,75,2.47,PT,2023-11-13 23:04:58
247,kapa'a,22.0752,-159.319,29.99,74,75,8.23,US,2023-11-13 23:04:58
248,taltal,-25.4,-70.4833,16.59,77,48,5.04,CL,2023-11-13 23:00:22
249,magadan,59.5667,150.8,-16.01,74,86,5.46,RU,2023-11-13 23:04:59
250,ghazni,33.5536,68.4269,4.16,29,0,0.33,AF,2023-11-13 23:04:59
251,jamestown,42.097,-79.2353,9.77,66,0,4.12,US,2023-11-13 23:04:59
252,hilo,19.7297,-155.09,26.73,75,85,1.34,US,2023-11-13 23:04:59
253,phalodi,27.1333,72.3667,21.11,33,100,3.35,IN,2023-11-13 23:04:59
254,geraldton,-28.7667,114.6,21.23,83,100,4.63,AU,2023-11-13 23:05:00
255,uyskoye,54.3775,60.0047,3.8,81,100,7.09,RU,2023-11-13 23:05:00
256,kourou,5.1552,-52.6478,27.03,84,58,4.05,GF,2023-11-13 23:00:13
257,selibaby,15.159,-12.1829,29.27,9,24,5.24,MR,2023-11-13 23:05:00
258,kargasok,59.0556,80.8572,-6.13,93,20,4.02,RU,2023-11-13 23:05:00
259,san jose de guanipa,8.8872,-64.1651,27.68,67,61,5.76,VE,2023-11-13 23:05:01
260,aral,40.5156,81.2636,4.74,38,0,3.1,CN,2023-11-13 23:05:01
261,mejit,10.2753,170.8646,28.04,81,81,8.64,MH,2023-11-13 23:05:01
262,spring creek,40.7266,-115.5859,13.27,18,100,5.68,US,2023-11-13 23:00:22
263,manavalakurichi,8.1333,77.3,26.0,82,100,1.06,IN,2023-11-13 23:05:01
264,brzeg,50.8608,17.4674,7.84,84,100,5.9,PL,2023-11-13 23:05:02
265,severo-yeniseyskiy,60.3725,93.0408,-9.31,94,91,2.94,RU,2023-11-13 23:05:02
266,tolanaro,-25.0319,46.9987,21.21,86,29,2.05,MG,2023-11-13 23:05:02
267,plastun,44.7561,136.2939,-4.65,67,1,3.06,RU,2023-11-13 23:05:02
268,sihora,23.4833,80.1167,16.05,68,49,2.28,IN,2023-11-13 23:05:03
269,atamyrat,37.8357,65.2106,13.03,39,21,2.14,TM,2023-11-13 23:05:04
270,santo antonio do ica,-3.1022,-67.9397,27.79,76,94,0.66,BR,2023-11-13 23:05:04
271,errachidia,31.9275,-4.4285,19.03,30,0,2.06,MA,2023-11-13 23:05:04
272,ancud,-41.8697,-73.8203,8.68,60,26,5.65,CL,2023-11-13 23:05:04
273,rikaze,29.25,88.8833,-1.56,67,26,1.5,CN,2023-11-13 23:05:05
274,tchintabaraden,15.8969,5.7985,24.05,13,4,3.48,NE,2023-11-13 23:05:05
275,nuku'alofa,-21.1333,-175.2,23.19,100,100,5.66,TO,2023-11-13 23:05:05
276,driffield,54.0049,-0.4387,11.08,78,96,7.2,GB,2023-11-13 23:01:36
277,finsterwalde,51.6333,13.7167,10.98,91,73,6.33,DE,2023-11-13 23:05:06
278,okha,53.5739,142.9478,-7.4,83,94,4.5,RU,2023-11-13 23:05:06
279,anadyr,64.75,177.4833,-11.72,78,38,12.0,RU,2023-11-13 23:05:06
280,toccoa,34.5773,-83.3324,15.46,67,0,0.0,US,2023-11-13 23:05:06
281,buala,-8.145,159.5921,28.69,73,85,2.35,SB,2023-11-13 23:05:07
282,hinatuan,8.3722,126.3342,25.94,90,64,1.12,PH,2023-11-13 23:05:07
283,nogliki,51.8333,143.1667,-4.81,68,59,6.71,RU,2023-11-13 23:05:07
284,al jabin,14.704,43.599,13.8,72,74,0.38,YE,2023-11-13 23:05:07
285,nova sintra,14.8667,-24.7167,23.8,72,79,4.02,CV,2023-11-13 23:05:08
286,tynda,55.1667,124.7167,-15.11,97,89,0.86,RU,2023-11-13 23:05:08
287,tangalle,6.024,80.7911,25.0,88,83,0.06,LK,2023-11-13 23:04:44
288,ternate,0.8,127.4,28.0,77,81,1.36,ID,2023-11-13 23:05:09
289,ad dawadimi,24.5077,44.3924,21.64,43,100,5.21,SA,2023-11-13 23:02:19
290,thinadhoo,0.5333,72.9333,27.52,79,97,3.48,MV,2023-11-13 23:05:10
291,hasaki,35.7333,140.8333,9.22,45,0,5.28,JP,2023-11-13 23:05:10
292,slobozia,46.7281,29.7078,6.2,65,38,1.98,MD,2023-11-13 23:05:10
293,bikenibeu village,1.3673,173.1241,28.32,78,99,6.57,KI,2023-11-13 23:04:48
294,gaspe,48.8334,-64.4819,0.12,74,100,2.06,CA,2023-11-13 23:05:11
295,mersa matruh,31.3525,27.2453,19.11,77,0,2.57,EG,2023-11-13 23:05:11
296,flying fish cove,-10.4217,105.6791,24.82,83,100,3.6,CX,2023-11-13 23:05:11
297,chonchi,-42.6128,-73.8092,7.29,73,59,2.84,CL,2023-11-13 23:05:11
298,todos santos,23.45,-110.2167,29.47,62,30,1.76,MX,2023-11-13 23:05:12
299,las lajitas,-24.6833,-64.25,18.19,73,99,2.59,AR,2023-11-13 23:05:12
300,lorengau,-2.0226,147.2712,27.61,80,76,2.36,PG,2023-11-13 23:01:24
301,chegdomyn,51.1167,133.0167,-15.66,97,36,0.4,RU,2023-11-13 23:05:12
302,labrador city,52.9463,-66.9114,-9.05,92,100,2.06,CA,2023-11-13 23:05:13
303,jose pedro varela,-33.45,-54.5333,14.94,95,100,5.21,UY,2023-11-13 23:05:13
304,sarh,9.1429,18.3923,24.95,88,0,0.0,TD,2023-11-13 23:05:13
305,regina,50.4501,-104.6178,5.02,73,75,7.2,CA,2023-11-13 22:56:55
306,tabou,4.423,-7.3528,26.07,88,1,2.99,CI,2023-11-13 23:05:14
307,peace river,56.2501,-117.286,-3.83,86,100,3.6,CA,2023-11-13 23:02:56
308,sungai penuh,-2.0833,101.3833,18.15,96,44,1.23,ID,2023-11-13 23:05:14
309,toulepleu guere,6.574,-8.4259,22.95,94,87,1.41,CI,2023-11-13 23:05:14
310,santana,-0.0583,-51.1817,30.1,74,20,5.14,BR,2023-11-13 23:05:14
311,villa hernandarias,-31.231,-59.985,19.58,75,100,4.49,AR,2023-11-13 23:05:15
312,luorong,24.4058,109.6086,10.85,79,100,2.3,CN,2023-11-13 23:05:15
313,sabinas,27.85,-101.1167,15.34,91,100,3.95,MX,2023-11-13 23:05:15
314,atafu village,-8.5421,-172.5159,28.93,78,95,4.3,TK,2023-11-13 23:04:35
315,levuka,50.1834,-105.4011,7.84,62,100,4.57,CA,2023-11-13 23:05:16
316,pisco,-13.7,-76.2167,21.12,83,0,6.69,PE,2023-11-13 23:04:43
317,nabire,-3.3667,135.4833,27.37,73,94,1.66,ID,2023-11-13 23:05:16
318,dover,39.1582,-75.5244,9.01,68,0,1.54,US,2023-11-13 23:01:35
319,fort mcmurray,56.7268,-111.381,-2.23,86,100,2.57,CA,2023-11-13 23:05:17
320,hanceville,34.0607,-86.7675,17.53,53,96,2.28,US,2023-11-13 23:05:17
321,morehead city,34.7229,-76.726,13.89,81,0,1.54,US,2023-11-13 23:05:03
322,saint-philippe,-21.3585,55.7679,21.77,83,68,3.09,RE,2023-11-13 23:05:17
323,broome,42.2506,-75.833,5.67,76,20,3.09,US,2023-11-13 23:05:18
324,san luis de la loma,17.2706,-100.8939,29.22,76,21,3.13,MX,2023-11-13 23:05:18
325,ola,59.5833,151.2833,-16.01,78,80,5.74,RU,2023-11-13 23:05:18
326,zhaqsy,51.9083,67.3133,1.93,91,100,4.73,KZ,2023-11-13 23:05:18
327,puerto baquerizo moreno,-0.9,-89.6,26.55,69,75,6.69,EC,2023-11-13 23:03:07
328,ponta delgada,37.7333,-25.6667,19.4,94,40,2.57,PT,2023-11-13 23:02:54
329,raufoss,60.7264,10.6172,-10.78,99,97,0.78,NO,2023-11-13 23:05:19
330,san patricio,28.017,-97.5169,18.24,91,100,5.49,US,2023-11-13 23:05:19
331,korla,41.7597,86.1469,4.27,56,81,1.97,CN,2023-11-13 23:01:10
332,miri,4.4148,114.0089,25.08,94,40,1.54,MY,2023-11-13 23:05:20
333,lamu,-2.2717,40.902,25.12,84,14,3.21,KE,2023-11-13 23:04:48
334,linden,6.0,-58.3,26.35,70,65,2.55,GY,2023-11-13 23:05:20
335,barguzin,53.6167,109.6167,-7.61,93,100,0.81,RU,2023-11-13 23:05:21
336,owando,-0.4819,15.8999,21.93,97,48,0.55,CG,2023-11-13 23:05:21
337,usinsk,65.9939,57.5281,-9.4,87,100,3.13,RU,2023-11-13 23:05:21
338,tonghae,37.5439,129.1069,3.7,46,93,3.11,KR,2023-11-13 23:05:21
339,zaysan,47.4667,84.8667,0.57,77,79,2.79,KZ,2023-11-13 23:05:21
340,san luis,-33.295,-66.3356,18.82,34,0,7.56,AR,2023-11-13 23:05:22
341,nema,57.5067,50.5011,5.14,91,100,5.02,RU,2023-11-13 23:05:22
342,yaren,-0.5472,166.916,27.37,82,100,11.39,NR,2023-11-13 23:05:22
343,crane,31.3974,-102.3501,11.91,83,100,3.92,US,2023-11-13 23:05:22
344,sitka,57.0531,-135.33,4.94,70,100,2.06,US,2023-11-13 23:05:23
345,katihar,25.5333,87.5833,19.98,61,69,1.69,IN,2023-11-13 23:05:23
346,saudarkrokur,65.7461,-19.6394,-1.85,82,33,3.8,IS,2023-11-13 23:05:23
347,fort st. john,56.2499,-120.8529,-5.06,93,75,3.09,CA,2023-11-13 23:01:41
348,santa maria,-29.6842,-53.8069,21.61,88,75,0.0,BR,2023-11-13 23:01:05
349,west bay,19.3667,-81.4167,29.04,84,20,6.17,KY,2023-11-13 23:05:24
350,chukhloma,58.7525,42.6825,1.72,96,100,5.36,RU,2023-11-13 23:05:24
351,chhor,25.5167,69.7667,23.55,22,100,3.02,PK,2023-11-13 23:05:24
352,puerto boyaca,5.9758,-74.5885,27.65,79,2,0.91,CO,2023-11-13 23:05:24
353,kostomuksha,64.571,30.5767,-7.2,94,100,4.92,RU,2023-11-13 23:05:24
354,tortoreto lido,42.8038,13.9429,16.38,83,90,1.52,IT,2023-11-13 23:05:24
355,galle,6.0367,80.217,25.1,86,94,1.44,LK,2023-11-13 23:05:25
356,springfield,37.2153,-93.2982,20.92,24,0,4.12,US,2023-11-13 22:54:32
357,neiafu,-18.65,-173.9833,27.38,89,75,4.12,TO,2023-11-13 23:05:26
358,aldan,58.6031,125.3894,-15.87,93,95,2.72,RU,2023-11-13 23:05:26
359,kuanda,56.3161,116.0806,-16.25,88,39,0.59,RU,2023-11-13 23:05:26
360,chabahar,25.2919,60.643,25.14,56,97,2.77,IR,2023-11-13 23:05:26
361,trevelin,-43.0858,-71.4639,5.71,69,44,4.56,AR,2023-11-13 23:05:27
362,plaza huincul,-38.926,-69.2086,16.75,10,29,4.02,AR,2023-11-13 23:00:57
363,touros,-5.1989,-35.4608,26.68,78,69,5.29,BR,2023-11-13 23:05:27
364,lushun,38.8,121.2667,-0.88,55,100,6.13,CN,2023-11-13 23:05:26
365,pudozh,61.8099,36.5345,-1.14,93,100,3.13,RU,2023-11-13 23:04:13
366,mahibadhoo,3.7833,72.9667,27.64,73,99,1.65,MV,2023-11-13 23:02:02
367,nchelenge,-9.3451,28.734,20.94,90,100,2.51,ZM,2023-11-13 23:05:28
368,chos malal,-37.3781,-70.2709,14.98,23,36,8.0,AR,2023-11-13 23:05:28
369,safi,32.1667,-8.8333,21.26,37,0,1.41,MA,2023-11-13 23:05:28
370,sheksna,59.21,38.5107,1.07,98,100,4.15,RU,2023-11-13 23:05:28
371,shakhtersk,48.0625,38.5167,6.99,71,100,0.43,UA,2023-11-13 23:05:29
372,forster,-32.1667,152.5167,23.54,68,4,4.2,AU,2023-11-13 23:05:29
373,rundu,-17.9333,19.7667,25.2,32,21,0.61,NA,2023-11-13 23:05:29
374,turkmenbasy,40.0222,52.9552,13.43,100,40,2.06,TM,2023-11-13 23:05:29
375,luis correia,-2.8792,-41.6669,27.14,78,99,6.44,BR,2023-11-13 23:05:29
376,gamba,-2.65,10.0,25.42,86,34,1.82,GA,2023-11-13 23:05:29
377,kailua-kona,19.6406,-155.9956,30.15,64,40,4.63,US,2023-11-13 23:05:30
378,tralee,52.2704,-9.7026,11.05,87,78,8.34,IE,2023-11-13 23:05:30
379,solleftea,63.1667,17.2667,-7.08,96,100,1.85,SE,2023-11-13 23:05:30
380,deder,9.3167,41.45,13.35,80,75,1.17,ET,2023-11-13 23:05:30
381,mount pearl,47.5166,-52.7813,0.08,80,100,2.57,CA,2023-11-13 23:05:30
382,devonport,-41.1667,146.35,17.83,50,80,1.34,AU,2023-11-13 23:05:30
383,palmer,42.1584,-72.3287,4.63,60,75,0.0,US,2023-11-13 23:01:05
384,leh,34.1667,77.5833,-1.94,43,0,1.64,IN,2023-11-13 23:05:31
385,suva,-18.1416,178.4415,25.71,94,75,4.63,FJ,2023-11-13 23:01:13
386,sastobe,42.55,70.0,-0.06,57,0,3.9,KZ,2023-11-13 23:05:31
387,hede,33.7681,120.2517,3.15,68,2,2.05,CN,2023-11-13 23:05:31
388,viriat,46.2548,5.2157,16.08,77,100,4.47,FR,2023-11-13 23:05:31
389,talara,-4.5772,-81.2719,22.42,83,40,7.72,PE,2023-11-13 23:05:32
390,qamdo,31.1667,97.2333,-6.42,56,2,1.6,CN,2023-11-13 23:05:32
391,cortez,37.3489,-108.5859,16.42,12,0,3.6,US,2023-11-13 23:04:04
392,ueckermunde,53.7379,14.0447,7.12,96,100,4.63,DE,2023-11-13 23:05:33
393,selfoss,63.9331,-20.9971,2.92,64,56,6.62,IS,2023-11-13 23:05:33
394,frontera,26.9333,-101.45,14.16,91,100,1.38,MX,2023-11-13 23:05:33
395,sisimiut,66.9395,-53.6735,-8.05,79,100,4.05,GL,2023-11-13 23:05:17
396,beyneu,45.3167,55.2,8.36,43,34,8.92,KZ,2023-11-13 23:05:34
397,salcininkai,54.3,25.3833,3.24,93,97,2.71,LT,2023-11-13 23:05:34
398,aldinga beach,-35.2793,138.4604,16.35,90,100,4.17,AU,2023-11-13 23:05:34
399,joaima,-16.6542,-41.0306,29.01,42,14,2.4,BR,2023-11-13 23:05:34
400,puerto rico,-26.796,-55.024,22.04,98,95,2.37,AR,2023-11-13 22:58:01
401,afif,23.9065,42.9172,21.88,35,100,5.66,SA,2023-11-13 23:05:35
402,dumai,1.6833,101.45,23.81,98,100,0.85,ID,2023-11-13 23:05:35
403,bel ombre,-4.6167,55.4167,27.91,78,40,2.57,SC,2023-11-13 23:05:35
404,saryaghash,41.45,69.1667,4.96,34,0,2.09,KZ,2023-11-13 23:05:35
405,altay,47.8667,88.1167,-5.03,88,95,2.41,CN,2023-11-13 23:05:36
406,asaita,11.5636,41.4394,26.16,58,40,4.98,ET,2023-11-13 23:05:36
407,bindlach,49.9817,11.6139,11.11,89,99,0.89,DE,2023-11-13 23:05:36
408,kinkala,-4.3614,14.7644,22.19,90,84,0.38,CG,2023-11-13 23:05:36
409,cienega de flores,25.95,-100.1833,19.27,90,100,3.78,MX,2023-11-13 23:03:03
410,cestos city,5.46,-9.5828,26.37,87,59,2.6,LR,2023-11-13 23:05:37
411,khandyga,62.6667,135.6,-33.18,100,67,1.28,RU,2023-11-13 23:05:37
412,yakutsk,62.0339,129.7331,-30.02,75,40,1.0,RU,2023-11-13 23:05:37
413,malango,-2.9627,119.9001,20.22,80,77,0.82,ID,2023-11-13 23:05:37
414,pollock pines,38.7613,-120.5866,16.38,37,0,2.06,US,2023-11-13 23:05:38
415,tsumeb,-19.2333,17.7167,27.76,29,77,5.58,NA,2023-11-13 23:05:38
416,loikaw,19.6742,97.2094,17.73,96,100,0.6,MM,2023-11-13 23:05:38
417,zalingei,12.9096,23.4741,28.38,37,98,2.13,SD,2023-11-13 23:05:38
418,puerto armuelles,8.2833,-82.8667,28.99,84,47,3.13,PA,2023-11-13 23:05:38
419,cesvaine,56.9667,26.3167,2.49,97,100,2.23,LV,2023-11-13 23:05:39
420,babrala,28.2667,78.4,19.42,42,99,1.49,IN,2023-11-13 23:05:39
421,khalkhal,37.6189,48.5258,9.02,47,3,1.47,IR,2023-11-13 23:05:39
422,likisa,-8.6695,125.6875,23.03,51,6,0.79,TL,2023-11-13 23:05:39
423,morant bay,17.8815,-76.4093,31.79,83,8,4.85,JM,2023-11-13 23:05:40
424,itaituba,-4.2761,-55.9836,30.34,43,93,0.81,BR,2023-11-13 23:05:40
425,nadym,65.5333,72.5167,-18.12,98,41,2.36,RU,2023-11-13 23:04:32
426,brandon,27.9378,-82.2859,24.18,86,100,4.47,US,2023-11-13 23:02:21
427,verkhnevilyuysk,63.4453,120.3167,-14.73,97,100,2.12,RU,2023-11-13 23:05:40
428,la ronge,55.1001,-105.2842,2.14,75,100,4.63,CA,2023-11-13 23:05:40
429,paramonga,-10.6667,-77.8333,20.39,83,74,4.48,PE,2023-11-13 23:05:40
430,ishigaki,24.3448,124.1572,22.07,64,100,5.66,JP,2023-11-13 23:05:41
431,luwingu,-10.2621,29.9271,17.73,87,100,1.75,ZM,2023-11-13 23:05:41
432,howard springs,-12.497,131.047,28.82,75,50,1.19,AU,2023-11-13 23:05:41
433,mount isa,-20.7333,139.5,31.87,23,4,0.51,AU,2023-11-13 23:05:41
434,red lion,39.9009,-76.6058,8.84,73,16,3.2,US,2023-11-13 23:02:03
435,nguruka,-5.1092,31.0419,19.33,95,100,0.87,TZ,2023-11-13 23:05:42
436,visby,57.6409,18.296,1.01,100,75,1.03,SE,2023-11-13 23:05:42
437,nizhneangarsk,55.7833,109.55,-6.67,76,89,0.45,RU,2023-11-13 23:05:42
438,khanty-mansiysk,61.0042,69.0019,-5.94,93,75,4.02,RU,2023-11-13 23:02:45
439,sinabang,2.4803,96.3801,24.69,91,100,2.5,ID,2023-11-13 23:05:42
440,aras-asan,8.8908,126.3033,26.41,85,59,1.14,PH,2023-11-13 23:05:42
441,grand gaube,-20.0064,57.6608,24.1,73,1,1.34,MU,2023-11-13 23:05:43
442,hithadhoo,-0.6,73.0833,27.05,83,57,4.42,MV,2023-11-13 23:04:29
443,aswan,24.0934,32.907,28.25,46,68,6.15,EG,2023-11-13 23:05:43
444,kasempa,-13.4584,25.8338,18.63,76,53,1.54,ZM,2023-11-13 23:05:43
445,santa elena de uairen,4.6167,-61.1333,23.33,55,50,2.12,VE,2023-11-13 23:05:43
446,savanna-la-mar,18.219,-78.1332,28.97,87,45,1.25,JM,2023-11-13 23:05:43
447,kachug,53.9606,105.8817,-6.64,90,100,0.45,RU,2023-11-13 23:05:44
448,bubaque,11.2833,-15.8333,28.38,69,18,4.61,GW,2023-11-13 23:05:44
449,isla mujeres,21.2311,-86.731,27.03,84,98,6.68,MX,2023-11-13 23:05:44
450,egilsstadir,65.2653,-14.3948,0.95,93,40,0.51,IS,2023-11-13 23:05:44
451,vila do maio,15.1333,-23.2167,27.44,75,40,4.82,CV,2023-11-13 23:05:44
452,mhangura,-16.8939,30.1683,23.95,39,56,4.65,ZW,2023-11-13 23:05:45
453,merizo village,13.2658,144.6691,31.31,83,49,8.83,GU,2023-11-13 23:05:45
454,myanaung,18.2833,95.3167,22.71,88,38,3.02,MM,2023-11-13 23:05:45
455,gadzhiyevo,69.2551,33.3362,-8.7,96,99,0.95,RU,2023-11-13 23:05:45
456,ciudad constitucion,25.0369,-111.6644,30.4,28,82,3.9,MX,2023-11-13 23:03:03
457,kishanganj,26.1167,87.9333,19.51,65,81,1.73,IN,2023-11-13 23:05:45
458,brooks,50.5834,-111.8851,15.79,37,100,7.2,CA,2023-11-13 23:02:44
459,kristiansund,63.1115,7.732,0.36,64,1,3.09,NO,2023-11-13 23:05:46
460,barah,13.7,30.3667,30.25,26,57,4.09,SD,2023-11-13 23:01:06
461,louisville,38.2542,-85.7594,16.65,36,40,2.57,US,2023-11-13 23:01:25
462,alindao,5.0267,21.2088,22.83,93,100,0.59,CF,2023-11-13 23:05:46
463,warrenton,-28.114,24.8475,19.03,19,0,7.41,ZA,2023-11-13 23:05:46
464,laurel,39.0993,-76.8483,10.9,70,0,0.89,US,2023-11-13 23:05:33
465,juegang,32.3174,121.1855,6.96,71,28,2.94,CN,2023-11-13 23:05:47
466,mosjoen,65.836,13.1908,-11.71,92,28,1.03,NO,2023-11-13 23:05:47
467,de aar,-30.6497,24.0123,13.33,62,1,10.04,ZA,2023-11-13 23:05:47
468,blankenburg,51.7833,10.95,11.16,80,29,6.99,DE,2023-11-13 23:05:47
469,fernandopolis,-20.2839,-50.2464,33.43,20,42,1.32,BR,2023-11-13 23:05:47
470,chinde,26.8418,88.0763,12.41,66,42,2.25,NP,2023-11-13 23:05:47
471,poronaysk,49.2167,143.1167,-7.14,85,46,3.05,RU,2023-11-13 23:03:39
472,alice springs,-23.7,133.8833,28.75,20,15,6.69,AU,2023-11-13 23:05:48
473,megion,61.0296,76.1136,-8.99,96,70,1.03,RU,2023-11-13 23:05:48
474,gwaram,11.2764,9.8858,24.69,19,100,2.5,NG,2023-11-13 23:05:48
475,motygino,58.1831,94.7592,-0.68,94,100,2.24,RU,2023-11-13 23:05:48
476,arkalyk,50.2486,66.9114,2.74,83,100,3.97,KZ,2023-11-13 23:05:48
477,lubango,-14.9172,13.4925,17.92,94,20,2.06,AO,2023-11-13 23:05:49
478,taroa,8.7058,171.2275,28.0,79,97,7.73,MH,2023-11-13 23:05:49
479,abhar,36.1468,49.218,11.09,38,59,1.12,IR,2023-11-13 23:05:49
480,belokurikha,51.9959,84.9896,1.83,97,100,3.42,RU,2023-11-13 23:05:49
481,kavieng,-2.5744,150.7967,28.3,69,100,2.07,PG,2023-11-13 23:05:49
482,laguna,38.421,-121.4238,23.39,43,0,1.54,US,2023-11-13 23:05:49
483,fenoarivo be,-18.4333,46.5667,20.06,80,48,0.65,MG,2023-11-13 23:05:50
484,cole harbour,44.6724,-63.4751,2.71,78,23,3.6,CA,2023-11-13 23:05:50
485,baoshan,46.5586,131.4244,-10.63,92,12,3.07,CN,2023-11-13 23:05:50
486,leeton,-34.5667,146.4,20.05,22,100,4.0,AU,2023-11-13 23:05:50
487,den burg,53.0542,4.7972,13.32,76,75,13.89,NL,2023-11-13 23:05:50
488,kayes,14.0,-11.0,27.91,9,20,3.35,ML,2023-11-13 23:05:50
489,cambria,35.5641,-121.0808,22.41,78,35,0.89,US,2023-11-13 23:05:50
490,pakuranga,-36.8833,174.9167,19.03,62,75,4.63,NZ,2023-11-13 23:05:51
491,naryn,41.4287,75.9911,-9.74,75,1,4.32,KG,2023-11-13 23:01:08
492,tauranga,-37.6861,176.1667,19.25,70,100,1.34,NZ,2023-11-13 23:05:51
493,zhigulevsk,53.3997,49.4953,7.32,87,88,5.54,RU,2023-11-13 23:05:51
494,santa cruz,-17.8,-63.1667,32.03,55,20,6.17,BO,2023-11-13 23:04:00
495,eureka,40.8021,-124.1637,16.78,86,100,0.89,US,2023-11-13 22:58:35
496,concepcion,-36.827,-73.0498,13.89,58,0,8.75,CL,2023-11-13 23:02:48
497,whitefish,48.4111,-114.3376,9.0,73,100,2.57,US,2023-11-13 23:05:52
498,tabuk,17.4189,121.4443,22.85,94,100,2.67,PH,2023-11-13 23:05:52
499,st. john's,47.5649,-52.7093,0.54,80,100,2.57,CA,2023-11-13 23:05:52
500,itaueira,-7.6033,-43.0256,28.65,33,0,1.16,BR,2023-11-13 23:03:54
501,bantogon,6.5333,124.0333,27.31,80,12,1.95,PH,2023-11-13 23:05:52
502,igarka,67.4667,86.5833,-12.72,90,99,8.2,RU,2023-11-13 23:05:52
503,rabo de peixe,37.8,-25.5833,18.73,99,40,2.57,PT,2023-11-13 23:01:18
504,new norfolk,-42.7826,147.0587,15.95,44,78,2.6,AU,2023-11-13 23:05:53
505,tympaki,35.0729,24.7685,18.98,76,13,0.45,GR,2023-11-13 23:05:53
506,glace bay,46.1969,-59.957,2.14,91,100,3.09,CA,2023-11-13 23:05:53
507,greymouth,-42.4667,171.2,14.16,96,100,7.46,NZ,2023-11-13 23:05:53
508,nizhneudinsk,54.9076,99.0276,-2.46,87,100,1.81,RU,2023-11-13 23:05:53
509,balasore,21.4942,86.9317,19.64,67,100,2.91,IN,2023-11-13 23:05:53
510,hammerfest,70.6634,23.6821,-3.75,86,40,1.03,NO,2023-11-13 23:05:54
511,kegeyli shahar,42.7767,59.6078,2.05,42,77,5.11,UZ,2023-11-13 23:05:54
512,champerico,14.3,-91.9167,29.3,77,15,2.45,GT,2023-11-13 23:05:54
513,watsa,3.0372,29.5355,18.36,99,100,0.3,CD,2023-11-13 23:05:54
514,yuzhno-kurilsk,44.0306,145.8556,2.43,80,100,8.94,RU,2023-11-13 23:04:27
515,villa emilio carranza,19.9667,-96.6,22.79,82,71,7.21,MX,2023-11-13 23:05:54
516,vyazemskiy,47.5378,134.7525,-11.1,93,15,2.33,RU,2023-11-13 23:05:55
517,kill devil hills,36.0307,-75.676,11.66,77,0,0.0,US,2023-11-13 23:05:55
518,quellon,-43.1167,-73.6167,7.22,65,84,5.36,CL,2023-11-13 23:05:55
519,belmonte,-15.8631,-38.8828,25.26,80,0,5.87,BR,2023-11-13 23:05:56
520,santander,43.4647,-3.8044,18.03,94,20,1.54,ES,2023-11-13 23:05:56
521,altai,46.3722,96.2583,-8.11,95,100,1.95,MN,2023-11-13 23:05:56
522,narimanov,46.6927,47.8498,6.95,76,89,2.55,RU,2023-11-13 23:05:57
523,chul'man,56.8479,124.9104,-19.94,100,100,0.35,RU,2023-11-13 23:05:57
524,weno,7.4515,151.8468,29.97,79,100,3.09,FM,2023-11-13 23:05:57
525,lagoa,39.05,-27.9833,17.64,74,99,3.77,PT,2023-11-13 23:05:57
526,jimo,36.3897,120.4622,-2.12,86,98,1.0,CN,2023-11-13 23:05:27
527,zhangjiakou,40.81,114.8794,-2.46,37,12,1.89,CN,2023-11-13 23:05:58
528,shimanovsk,52.0,127.7,-12.24,93,24,1.25,RU,2023-11-13 23:05:58
529,lihue,21.9789,-159.3672,29.58,77,95,7.45,US,2023-11-13 23:01:56
530,manali,13.1667,80.2667,25.04,90,100,4.61,IN,2023-11-13 23:05:58
531,pocito,-31.6833,-68.5833,20.62,20,55,3.23,AR,2023-11-13 23:05:58
532,dalton,34.7698,-84.9702,17.82,59,20,0.0,US,2023-11-13 23:05:59
533,argostolion,38.1811,20.489,15.97,57,5,4.83,GR,2023-11-13 23:05:59
534,marsh harbour,26.5412,-77.0636,25.58,78,73,4.02,BS,2023-11-13 23:05:59
535,lerwick,60.1545,-1.1494,8.0,73,91,7.55,GB,2023-11-13 23:05:59
536,daru,-9.0763,143.2092,27.67,65,48,3.54,PG,2023-11-13 23:03:36
537,lauro de freitas,-12.8944,-38.3272,26.01,78,20,5.14,BR,2023-11-13 23:05:51
538,yuxi,24.355,102.5422,13.47,97,100,1.16,CN,2023-11-13 23:06:00
539,salalah,17.0151,54.0924,27.05,89,40,1.03,OM,2023-11-13 23:06:00
540,san juan colorado,16.4586,-97.9536,28.59,71,66,1.79,MX,2023-11-13 23:06:00
541,nyala,12.05,24.8833,28.03,30,25,2.53,SD,2023-11-13 23:06:00
542,pangody,65.85,74.4859,-18.81,100,26,2.58,RU,2023-11-13 23:01:44
543,ji'an,27.1172,114.9793,10.09,63,98,0.23,CN,2023-11-13 23:06:00
544,katsuura,35.1333,140.3,11.95,47,1,2.51,JP,2023-11-13 23:06:00
545,treuchtlingen,48.95,10.9167,14.73,88,100,8.04,DE,2023-11-13 23:06:01
546,mogocha,53.7333,119.7667,-11.11,77,99,1.11,RU,2023-11-13 23:06:01
547,skeldon,5.8833,-57.1333,26.8,82,52,3.84,GY,2023-11-13 23:01:19
548,as sulayyil,20.4607,45.5779,20.14,39,58,3.88,SA,2023-11-13 23:06:01
549,novodvinsk,64.4165,40.8122,-3.45,91,99,3.23,RU,2023-11-13 23:03:11
550,simpang,-1.2667,104.0833,24.71,93,86,1.06,ID,2023-11-13 23:06:01
551,umm kaddadah,13.6017,26.6876,29.31,25,54,5.97,SD,2023-11-13 23:06:02
552,murzuq,25.9155,13.9184,19.75,45,0,4.51,LY,2023-11-13 23:03:20
553,dhuusamarreeb,5.535,46.3861,24.94,82,30,2.62,SO,2023-11-13 23:06:02
554,meizhou,24.2977,116.1072,13.01,82,100,1.53,CN,2023-11-13 23:06:02
555,yur'yevets,57.3201,43.1041,4.25,83,100,8.06,RU,2023-11-13 23:06:02
556,al fallujah,33.3538,43.7795,16.94,35,30,0.1,IQ,2023-11-13 23:06:02
557,bamyan,34.75,67.25,-3.02,37,0,0.25,AF,2023-11-13 23:06:03
558,fortuna,40.5982,-124.1573,16.63,85,0,5.14,US,2023-11-13 23:06:03
559,kurumkan,54.3,110.3,-9.37,92,98,1.79,RU,2023-11-13 23:06:03
560,polyarnyy,69.1989,33.4478,-8.43,95,100,0.8,RU,2023-11-13 23:04:50
561,klaksvik,62.2266,-6.589,7.51,78,36,10.64,FO,2023-11-13 23:06:03
562,gemena,3.25,19.7667,22.08,97,98,0.36,CD,2023-11-13 23:06:04
563,luanda,-8.8368,13.2343,27.0,83,40,5.14,AO,2023-11-13 23:06:04
564,puerto deseado,-47.7503,-65.8938,8.02,68,84,11.65,AR,2023-11-13 23:06:04
565,oranjemund,-28.55,16.4333,15.42,83,0,1.38,NA,2023-11-13 23:06:04
566,lenger,42.183,69.8839,-1.31,29,0,2.39,KZ,2023-11-13 23:06:04
567,manacapuru,-3.2997,-60.6206,30.17,54,89,1.84,BR,2023-11-13 23:02:33
568,puerto leguizamo,-0.1934,-74.7819,27.8,72,100,0.24,CO,2023-11-13 23:06:05
569,northam,51.0333,-4.2167,13.12,91,39,10.96,GB,2023-11-13 23:06:05
570,ta`u,-14.2336,-169.5144,28.1,81,85,5.4,AS,2023-11-13 23:06:05
571,gereida,11.2811,25.1414,30.14,33,52,1.43,SD,2023-11-13 23:06:05
572,leteri,24.05,77.4,16.26,53,41,2.77,IN,2023-11-13 23:06:06
573,astrakhan,46.3497,48.0408,6.93,93,75,2.0,RU,2023-11-13 23:03:25
574,homer,59.6425,-151.5483,5.94,57,0,9.77,US,2023-11-13 23:06:06
575,rongelap,11.1635,166.8941,28.05,84,100,7.83,MH,2023-11-13 23:06:07
576,cabedelo,-6.9811,-34.8339,26.37,77,83,4.47,BR,2023-11-13 23:06:07
577,zhaotong,27.3167,103.7167,6.84,91,99,1.38,CN,2023-11-13 23:06:07
578,necochea,-38.5473,-58.7368,14.88,51,79,5.5,AR,2023-11-13 23:06:07
579,bandarbeyla,9.4942,50.8122,26.53,86,100,7.72,SO,2023-11-13 23:06:07
580,am timan,11.0297,20.2827,27.85,56,100,0.79,TD,2023-11-13 23:06:08
581,talcahuano,-36.7167,-73.1167,13.82,58,0,8.75,CL,2023-11-13 23:06:08
582,kununurra,-15.7667,128.7333,26.99,83,33,0.51,AU,2023-11-13 23:06:08
583,acton vale,45.6501,-72.5658,1.08,82,100,1.03,CA,2023-11-13 23:06:08
584,puerto real,36.5282,-6.1901,18.47,82,0,2.57,ES,2023-11-13 23:06:08
585,kapchorwa,1.3965,34.4509,14.94,80,99,1.67,UG,2023-11-13 23:06:09
586,port antonio,18.18,-76.4612,31.95,81,13,4.11,JM,2023-11-13 23:06:09
587,arara,-6.8283,-35.7583,22.88,79,48,4.66,BR,2023-11-13 23:02:04
588,willowmore,-33.2926,23.4895,12.43,73,69,6.72,ZA,2023-11-13 23:06:09
589,kenai,60.5544,-151.2583,1.05,94,0,4.12,US,2023-11-13 23:06:09
590,luwuk,-0.9516,122.7875,27.84,74,59,0.7,ID,2023-11-13 23:06:09
591,zeya,53.75,127.2667,-9.73,72,62,0.89,RU,2023-11-13 23:06:10
592,reyes,-14.3167,-67.3833,35.09,49,75,3.09,BO,2023-11-13 23:06:10
593,ypsonas,34.6884,32.9574,19.54,77,25,4.63,CY,2023-11-13 23:06:10
594,karratha,-20.7377,116.8463,22.54,60,43,5.87,AU,2023-11-13 23:06:10
595,parauna,-16.9478,-50.4486,29.24,33,55,4.25,BR,2023-11-13 23:05:04
596,mahajanga,-15.7167,46.3167,25.01,78,40,0.51,MG,2023-11-13 23:06:11
597,kudymkar,59.0173,54.656,3.28,97,100,5.22,RU,2023-11-13 23:06:11
598,ketchikan,55.3422,-131.6461,5.75,71,17,0.77,US,2023-11-13 23:03:26
599,bengkulu,-3.8004,102.2655,23.88,94,72,1.15,ID,2023-11-13 23:06:11
600,gejiu,23.306,103.1635,9.55,98,99,1.58,CN,2023-11-13 23:06:11
601,kerikeri,-35.2268,173.9474,20.51,77,66,0.89,NZ,2023-11-13 23:02:14
602,keflavik,64.0049,-22.5624,6.95,61,75,7.72,IS,2023-11-13 23:06:12
603,campoverde,-8.4753,-74.8058,28.83,46,67,1.61,PE,2023-11-13 23:06:12
604,ambon,-3.6954,128.1814,27.08,83,20,1.54,ID,2023-11-13 23:06:12
605,primero de mayo,-32.2552,-58.4228,17.53,77,100,4.93,AR,2023-11-13 23:06:12
